{
  "booking": [
    {
      "id": 1,
      "location": "Camping is life",
      "check in": "2023-01-11",
      "check out": "2023-01-14",
      "adult": "1",
      "children": "0",
      "firstname": "qwert",
      "lastname": "yuio",
      "email": "bakemeb936@corylan.com",
      "phone": "0661140738",
      "tent": "N/A",
      "tent_amount": "N/A",
      "fishing": 200,
      "moo-gata": "N/A",
      "moo-gata-size": "N/A",
      "total price": 400
    }
  ],
  "location": [
    {
      "id": 1,
      "name": "Camping is life",
      "img": "https://github.com/Aztaroz/Final-Frontend/blob/main/Frontend/user/img/Camping-is-life2.png?raw=true"
    },
    {
      "id": 2,
      "name": "Pha hee",
      "img": "https://www.palapilii.com/wp-content/uploads/2019/09/DJI_0031.jpg"
    },
    {
      "id": 3,
      "name": "Phu chee dao",
      "img": "https://s359.kapook.com/pagebuilder/88bb96f1-d403-4430-bb0f-51e17010c802.jpg"
    }
  ]
}